<?xml version="1.0" encoding="utf-8"?>
<Project>
	<TemplateObjectList>
		<TemplateObject objectName="self" id="0" isTemp="false"/>
		<TemplateObject objectName="target" id="1" isTemp="false"/>
	</TemplateObjectList>
	<RefParamList>
		<Vector3i name="_TargetDir" x="0" y="0" z="0" refParamName="" useRefParam="false"/>
		<Vector3i name="_TargetPos" x="0" y="0" z="0" refParamName="" useRefParam="false"/>
	</RefParamList>
	<Action tag="" length="4.500" loop="false">
		<Track trackName="PlayAnimationTick0" eventType="PlayAnimationTick" guid="d80acbd5-33ee-4fdc-99a9-43814f570a32" enabled="true" refParamName="" useRefParam="false" r="0.183" g="0.000" b="1.000" execOnForceStopped="false" execOnActionCompleted="false" stopAfterLastEvent="true">
			<Event eventName="PlayAnimationTick" time="0.000" isDuration="false">
				<TemplateObject name="targetId" objectName="攻击者" id="0" isTemp="false" refParamName="" useRefParam="false"/>
				<String name="clipName" value="Dead" refParamName="" useRefParam="false"/>
				<float name="crossFadeTime" value="0.000" refParamName="" useRefParam="false"/>
				<float name="playSpeed" value="1.000" refParamName="" useRefParam="false"/>
				<int name="layer" value="0" refParamName="" useRefParam="false"/>
				<int name="subLayer" value="0" refParamName="" useRefParam="false"/>
				<bool name="loop" value="false" refParamName="" useRefParam="false"/>
				<bool name="applyActionSpeed" value="false" refParamName="" useRefParam="false"/>
				<bool name="alwaysAnimate" value="false" refParamName="" useRefParam="false"/>
				<bool name="bNoTimeScale" value="false" refParamName="" useRefParam="false"/>
				<bool name="bCanNotBeCulled" value="false" refParamName="" useRefParam="false"/>
			</Event>
		</Track>
		<Track trackName="PlayHeroSoundTick1" eventType="PlayHeroSoundTick" guid="4d6e0b8b-1da5-4471-bb16-b227408f6f82" enabled="true" refParamName="" useRefParam="false" r="0.000" g="0.283" b="1.000" execOnForceStopped="false" execOnActionCompleted="false" stopAfterLastEvent="true">
			<Event eventName="PlayHeroSoundTick" time="0.000" isDuration="false">
				<TemplateObject name="targetId" objectName="攻击者" id="0" isTemp="false" refParamName="" useRefParam="false"/>
				<TemplateObject name="sourceId" objectName="攻击者" id="0" isTemp="false" refParamName="" useRefParam="false"/>
				<String name="eventName" value="Play_Iggy_VOX_Dead" refParamName="" useRefParam="false"/>
				<bool name="use1P3PSwitch" value="true" refParamName="" useRefParam="false"/>
				<bool name="useSkinSwitch" value="true" refParamName="" useRefParam="false"/>
				<Array name="extraSkinId" refParamName="" useRefParam="false" type="uint"/>
			</Event>
		</Track>
		<Track trackName="SetCameraHeightDuration4" eventType="SetCameraHeightDuration" guid="28abb4eb-6f1f-4168-bfe2-327e8ccf6868" enabled="true" refParamName="" useRefParam="false" r="0.000" g="1.000" b="0.567" execOnForceStopped="false" execOnActionCompleted="false" stopAfterLastEvent="true">
			<Event eventName="SetCameraHeightDuration" time="0.000" length="0.500" isDuration="true">
				<int name="slerpTick" value="500" refParamName="" useRefParam="false"/>
				<bool name="cutBackOnExit" value="true" refParamName="" useRefParam="false"/>
				<float name="heightRate" value="1.000" refParamName="" useRefParam="false"/>
				<bool name="bOverride" value="false" refParamName="" useRefParam="false"/>
				<bool name="leftTimeSlerpBack" value="false" refParamName="" useRefParam="false"/>
				<bool name="exitKeepCurrentValue" value="false" refParamName="" useRefParam="false"/>
				<bool name="isSlerpBackWhenInterrupted" value="false" refParamName="" useRefParam="false"/>
				<int name="slerpBackTick" value="500" refParamName="" useRefParam="false"/>
				<bool name="heightRateCanLowerThanOne" value="false" refParamName="" useRefParam="false"/>
			</Event>
		</Track>
	</Action>
</Project>
