<?xml version="1.0" encoding="utf-8"?>
<Project>
	<TemplateObjectList>
		<TemplateObject objectName="self" id="0" isTemp="false"/>
		<TemplateObject objectName="target" id="1" isTemp="false"/>
		<TemplateObject objectName="bullet" id="2" isTemp="true"/>
	</TemplateObjectList>
	<RefParamList>
		<Vector3i name="_BulletPos" x="0" y="0" z="0" refParamName="" useRefParam="false"/>
		<Vector3i name="targetdir" x="0" y="0" z="0" refParamName="" useRefParam="false"/>
		<Vector3i name="_TargetPos" x="0" y="0" z="0" refParamName="" useRefParam="false"/>
	</RefParamList>
	<Action tag="" length="6.000" loop="false">
		<Track trackName="SetCameraHeightDuration0" eventType="SetCameraHeightDuration" guid="65e84cfd-47e8-4b2d-b510-a1fafeda6511" enabled="true" refParamName="" useRefParam="false" r="0.000" g="0.650" b="1.000" execOnForceStopped="false" execOnActionCompleted="false" stopAfterLastEvent="true">
			<Event eventName="SetCameraHeightDuration" time="0.000" length="5.800" isDuration="true">
				<int name="slerpTick" value="700" refParamName="" useRefParam="false"/>
				<bool name="cutBackOnExit" value="true" refParamName="" useRefParam="false"/>
				<float name="heightRate" value="2.200" refParamName="" useRefParam="false"/>
				<bool name="bOverride" value="false" refParamName="" useRefParam="false"/>
				<bool name="leftTimeSlerpBack" value="true" refParamName="" useRefParam="false"/>
				<bool name="exitKeepCurrentValue" value="false" refParamName="" useRefParam="false"/>
				<bool name="isSlerpBackWhenInterrupted" value="true" refParamName="" useRefParam="false"/>
				<int name="slerpBackTick" value="500" refParamName="" useRefParam="false"/>
				<bool name="heightRateCanLowerThanOne" value="false" refParamName="" useRefParam="false"/>
			</Event>
		</Track>
	</Action>
</Project>